<?xml version="1.0"?>
<doc>
    <assembly>
        <name>EuroWebApi</name>
    </assembly>
    <members>
        <member name="M:EuroWebApi.Controllers.CustomersController.Get(System.String,System.String,System.String,System.String,System.Nullable{System.Int32},System.Nullable{System.Int32})">
            <summary>
            Αναζήτηση πελατών
            </summary>
            <param name="searchByName"></param>
            <param name="searchByPhone"></param>
            <param name="searchByAmka"></param>
            <param name="searchByAfm"></param>
            <param name="page"></param>
            <param name="size"></param>
            <returns></returns>
        </member>
        <member name="M:EuroWebApi.Controllers.CustomersController.Get(System.Int32)">
            <summary>
            Προβολή πελάτη βάσει Id 
            </summary>
            <param name="id"></param>
            <returns></returns>
        </member>
        <member name="M:EuroWebApi.Controllers.CustomersController.Post(EuroWebApi.Models.Dto.CustomerDto)">
            <summary>
            Εισαγωγή ή επεξεργασία πελάτη 
            </summary>
            <param name="customer"></param>
            <returns></returns>
        </member>
        <member name="M:EuroWebApi.Controllers.EshopController.postOrder(System.Int32,EuroWebApi.Models.EOrder)">
            <summary>
            Εισαγωγή / Τροποποίηση παραγγελίας 
            </summary>
            <param name="orderId"> Ο αριθμός της παραγγελίας </param>
            <param name="order"></param>
            <returns></returns>
        </member>
        <member name="M:EuroWebApi.Controllers.EshopController.Status(System.Int32,System.Int32,System.Nullable{System.DateTime},System.Boolean,System.Nullable{System.Int32},System.Nullable{System.Int32})">
            <summary>
            Κατάσταση παραγγελιών
            </summary>
            <param name="modifiedLastDays">Εμφανίζει τις παραγγελίες που τροποποιήθηκαν τις τελευταίες {60 :default} μέρες</param>
            <param name="orderId"> Αν έχει τιμή > 0 εμφανίζει κατάσταση της παραγγελίας ανεξαρτήτως των υπολοίπων παραμέτρων </param>
            <param name="modifiedAfter"> Εμφανίζει τις παραγγελίες που τροποποιήθηκαν την επιλεγμένη ημερομηνία {null :default} αν έχει τιμή υπερισχύει της modifiedLastDays  </param>
            <param name="includeCreataDate"> By default δεν ελέγχει την ημερομηνία δημιουργίας για την εμφάνιση αποτελεσμάτων </param>
            <param name="page"></param>
            <param name="size"></param>
            <returns></returns>
        </member>
        <member name="M:EuroWebApi.Controllers.InventoryController.Get(System.Collections.Generic.List{System.String},System.Nullable{System.Int32},System.Nullable{System.Int32})">
            <summary>
            Επιστρέφει τον κατάλογο φαρμάκων / παραφαρμάκων στην τρέχουσα απογραφή
            </summary>
            <returns></returns>
        </member>
        <member name="M:EuroWebApi.Controllers.MasterDataController.GetPersonalCategories">
            <summary>
            Προσωπικές Κατηγορίες (Product.perCatId , Product.perCat2Id , Product.perCat3Id)
            </summary>
            <returns></returns>
        </member>
        <member name="M:EuroWebApi.Controllers.MasterDataController.GetMainCategories">
            <summary>
            Κύριες κατηγορίες (Product.mainCategId)
            </summary>
            <returns></returns>
        </member>
        <member name="M:EuroWebApi.Controllers.MasterDataController.GetCategories">
            <summary>
            Κατηγορίες (Product.categId)
            </summary>
            <returns></returns>
        </member>
        <member name="M:EuroWebApi.Controllers.MasterDataController.GetSubCategories">
            <summary>
            Κατηγορίες (Product.subCategId)
            </summary>
            <returns></returns>
        </member>
        <member name="M:EuroWebApi.Controllers.MasterDataController.GetVatCaterogies">
            <summary>
            Κατηφορίες ΦΠΑ
            </summary>
            <returns></returns>
        </member>
        <member name="M:EuroWebApi.Controllers.MasterDataController.GetOikoi">
            <summary>
            Οίκοι (Product.oikosId)
            </summary>
            <returns></returns>
        </member>
        <member name="M:EuroWebApi.Controllers.MasterDataController.GetOwners">
            <summary>
            Εταιρία (Product.ownerId)
            </summary>
            <returns></returns>
        </member>
        <member name="M:EuroWebApi.Controllers.OrderController.Get(System.Nullable{System.Int32},System.Nullable{System.Int32})">
            <summary>
            Επιστρέφει τρέχοντα είδη προς παραγελία
            </summary>
            <returns></returns>
        </member>
        <member name="M:EuroWebApi.Controllers.OrderController.PlaceOrder(System.String,System.Nullable{System.Decimal},System.String)">
            <summary>
            
            </summary>
            <param name="UniqueId"></param>
            <param name="quantity"></param>
            <returns></returns>
        </member>
        <member name="M:EuroWebApi.Controllers.ProductsController.Get(System.String,System.Nullable{System.Boolean},System.Nullable{System.Boolean},System.Nullable{System.Boolean},System.Nullable{System.DateTime},System.Nullable{System.Int32},System.Nullable{System.Int32})">
            <summary>
            Αναζήτηση ειδών 
            </summary>
            <param name="searchText">Αναζήτηση είδους βάσει ονομασίας/barcode , μπορεί να είναι και κενό</param>
            <param name="searchMeds"> Αναζήτηση φαρμάκων</param>
            <param name="searchUserItems">Αναζήτηση παραφαρμάκων</param>
            <param name="visiblyWeb">Αν έχει τιμή θα επιστρέφει όσα πληρούν τη συνθήκη (Αυτόματα εξαιρεί τα φάρμακα) </param>
            <param name="modifiedAfter">Αν έχει τιμή θα επιστρέφει όσα έχουν τροποποιηθεί μετά την επιλεγμένη ημερομηνία π.χ. (2024-3-12 12:01)</param>
            <param name="page"></param>
            <param name="size"></param>
            <returns></returns>
        </member>
        <member name="M:EuroWebApi.Controllers.ProductsController.Get(System.String)">
            <summary>
            Αναζήτηση βάσει barcode
            </summary>
            
            <param name="barcode"></param>
            <returns> test </returns>
            <response code="200">Returns first product</response>
            <response code="404">No product found</response>  
            <response code="403">Authorized user doesn't have access</response> 
            <response code="401">No Authorized user </response> 
        </member>
        <member name="M:EuroWebApi.Controllers.SuppliersController.Get(System.Nullable{System.Int32},System.Nullable{System.Int32})">
            <summary>
            Επιστρέφει τον κατάλογο φαρμάκων / παραφαρμάκων στην τρέχουσα απογραφή
            </summary>
            <returns></returns>
        </member>
        <member name="P:EuroWebApi.Models.Customer.Phone">
            <summary>
            ΣΤΑΘΕΡΟ ΤΗΛΕΦΩΝΟ
            </summary>
        </member>
        <member name="P:EuroWebApi.Models.Customer.Mobile">
            <summary>
            ΚΙΝΗΤΟ ΤΗΛΕΦΩΝΟ 
            </summary>
        </member>
        <member name="P:EuroWebApi.Models.Customer.FamilyName">
            <summary>
            ΟΝΟΜΑ ΟΙΚΟΓΕΝΕΙΑΣ ΕΦΟΣΟΝ ΑΝΗΚΕΙ ΣΕ ΚΑΠΟΙΑ
            </summary>
        </member>
        <member name="P:EuroWebApi.Models.Customer.Amka">
            <summary>
            ΑΜΚΑ
            </summary>
        </member>
        <member name="P:EuroWebApi.Models.Customer.Address">
            <summary>
            ΔΙΕΥΘΥΝΣΗ
            </summary>
        </member>
        <member name="P:EuroWebApi.Models.Customer.PostCode">
            <summary>
            ΤΑΧΥΔΡΟΜΙΚΟΣ ΚΩΔΙΚΑΣ 
            </summary>
        </member>
        <member name="P:EuroWebApi.Models.Customer.CountryCode">
            <summary>
            ΚΩΔΙΚΟΣ ΧΩΡΑΣ ISO 3166 ALPHA-2 
            </summary>
        </member>
        <member name="P:EuroWebApi.Models.Customer.TaxNumber">
            <summary>
            ΑΦΜ ΠΕΛΑΤΗ
            </summary>
        </member>
        <member name="P:EuroWebApi.Models.Customer.TaxOffice">
            <summary>
            ΔΟΥ
            </summary>
        </member>
        <member name="P:EuroWebApi.Models.Customer.Profession">
            <summary>
            ΕΠΑΓΓΕΛΜΑ
            </summary>
        </member>
        <member name="P:EuroWebApi.Models.Customer.BrandId">
            <summary>
            ΚΩΔΙΚΟΣ ΕΓΚΑΤΑΣΤΑΣΗΣ 
            </summary>
        </member>
        <member name="P:EuroWebApi.Models.Dto.CustomerDto.Id">
            <summary>
            Id πελάτη  , -1 αν πρόκειται για καινούριο πελάτη 
            </summary>
        </member>
        <member name="P:EuroWebApi.Models.Dto.CustomerDto.Phone">
            <summary>
            ΣΤΑΘΕΡΟ ΤΗΛΕΦΩΝΟ
            </summary>
        </member>
        <member name="P:EuroWebApi.Models.Dto.CustomerDto.Mobile">
            <summary>
            ΚΙΝΗΤΟ ΤΗΛΕΦΩΝΟ 
            </summary>
        </member>
        <member name="P:EuroWebApi.Models.Dto.CustomerDto.Amka">
            <summary>
            ΑΜΚΑ
            </summary>
        </member>
        <member name="P:EuroWebApi.Models.Dto.CustomerDto.Address">
            <summary>
            ΔΙΕΥΘΥΝΣΗ
            </summary>
        </member>
        <member name="P:EuroWebApi.Models.Dto.CustomerDto.PostCode">
            <summary>
            ΤΑΧΥΔΡΟΜΙΚΟΣ ΚΩΔΙΚΑΣ 
            </summary>
        </member>
        <member name="P:EuroWebApi.Models.Dto.CustomerDto.CountryCode">
            <summary>
            ΚΩΔΙΚΟΣ ΧΩΡΑΣ ISO 3166 ALPHA-2 
            </summary>
            
        </member>
        <member name="P:EuroWebApi.Models.Dto.CustomerDto.TaxNumber">
            <summary>
            ΑΦΜ ΠΕΛΑΤΗ
            </summary>
        </member>
        <member name="P:EuroWebApi.Models.Dto.CustomerDto.TaxOffice">
            <summary>
            ΔΟΥ
            </summary>
        </member>
        <member name="P:EuroWebApi.Models.Dto.CustomerDto.Profession">
            <summary>
            ΕΠΑΓΓΕΛΜΑ
            </summary>
        </member>
        <member name="P:EuroWebApi.Models.Dto.CustomerDto.BrandId">
            <summary>
            ΚΩΔΙΚΟΣ ΕΓΚΑΤΑΣΤΑΣΗΣ 
            </summary>
        </member>
        <member name="P:EuroWebApi.Models.Dto.ProductDto.UniqId">
            <summary>
            Μοναδικός κωδικός είδους
            </summary>
        </member>
        <member name="P:EuroWebApi.Models.Dto.ProductDto.ProductName">
            <summary>
            Τίτλος είδους
            </summary>
        </member>
        <member name="P:EuroWebApi.Models.Dto.ProductDto.RetailPrice">
            <summary>
            Λιανική τιμή
            </summary>
        </member>
        <member name="P:EuroWebApi.Models.Dto.ProductDto.WholePrice">
            <summary>
            Χονδρική τιμή
            </summary>
        </member>
        <member name="P:EuroWebApi.Models.Dto.ProductDto.Vat">
            <summary>
            Φπα είδους
            </summary>
            <example>6</example>
        </member>
        <member name="P:EuroWebApi.Models.Dto.ProductDto.SuggestPrice">
            <summary>
            Τιμή καταλόγου
            </summary>
        </member>
        <member name="P:EuroWebApi.Models.Dto.ProductDto.EshopPrice">
            <summary>
            Τιμή eshop
            </summary>
        </member>
        <member name="P:EuroWebApi.Models.Dto.ProductDto.RefPrice">
            <summary>
            Τιμή Αναφοράς - Για φάρμακα
            </summary>
        </member>
        <member name="P:EuroWebApi.Models.Dto.ProductDto.EshopDiscount">
            <summary>
            
            </summary>
        </member>
        <member name="P:EuroWebApi.Models.Dto.ProductDto.Stock">
            <summary>
            Απόθεμα Φαρμακείου
            </summary>
        </member>
        <member name="P:EuroWebApi.Models.Dto.ProductDto.ReservedStock">
            <summary>
            Δεσμευμένο απόθεμα
            </summary>
        </member>
        <member name="P:EuroWebApi.Models.Dto.ProductDto.AvailableStock">
            <summary>
            Διαθέσιμο Απόθεμα
            </summary>
        </member>
        <member name="P:EuroWebApi.Models.Dto.ProductDto.oikosId">
            <summary>
            Τιμή καταλόγου 
            </summary>
        </member>
        <member name="P:EuroWebApi.Models.Dto.ProductDto.mockId">
            <summary>
            Κωδικός Παραλλαγής
            </summary>
        </member>
        <member name="P:EuroWebApi.Models.Dto.ProductDto.mockName">
            <summary>
            Όνομα Παραλλαγής
            </summary>
        </member>
        <member name="P:EuroWebApi.Models.Dto.ProductDto.measurementUnit">
            <summary>
             { "", ""}, { "Size", "Μέγεθος" } , {"Mass" , "Όγκος (ml)" }, {"Pieces" , "Τεμάχια" }, { "Weight", "Βάρος (kg)" }
            </summary>
        </member>
        <member name="P:EuroWebApi.Models.Dto.ProductDto.measurementValue">
            <summary>
            
            </summary>
        </member>
        <member name="P:EuroWebApi.Models.Dto.ProductDto.weight">
            <summary>
            Βάρος
            </summary>
        </member>
        <member name="P:EuroWebApi.Models.Dto.ProductDto.color">
            <summary>
            Χρώμα
            </summary>
        </member>
        <member name="P:EuroWebApi.Models.Dto.ProductDto.shelf">
            <summary>
            Ράφι
            </summary>
        </member>
        <member name="P:EuroWebApi.Models.Dto.ProductDto.position">
            <summary>
            Θέση
            </summary>
        </member>
        <member name="P:EuroWebApi.Models.Dto.ProductDto.webVisible">
            <summary>
            Αν θα εμφανίζεται το site
            </summary>
        </member>
        <member name="P:EuroWebApi.Models.billing.lastName">
            <summary>
            Επίθετο
            </summary>
        </member>
        <member name="P:EuroWebApi.Models.billing.firstName">
            <summary>
            Όνομα
            </summary>
        </member>
        <member name="P:EuroWebApi.Models.billing.address">
            <summary>
            Διεύθυνση
            </summary>
        </member>
        <member name="P:EuroWebApi.Models.billing.countryCode">
            <summary>
            ΚΩΔΙΚΟΣ ΧΩΡΑΣ ISO 3166 ALPHA-2
            </summary>
        </member>
        <member name="P:EuroWebApi.Models.billing.isInvoice">
            <summary>
            Αν ο πελάτης θέλει τιμολόγιο τιμή 1
            </summary>
        </member>
        <member name="P:EuroWebApi.Models.billing.commercialName">
            <summary>
            η επωνυμία που θα κοπεί το τιμολόγιο 
            </summary>
        </member>
        <member name="P:EuroWebApi.Models.billing.taxNumber">
            <summary>
            Αφμ πελάτη , υποχρεωτικό σε περίπτωση τιμολογίου
            </summary>
        </member>
        <member name="P:EuroWebApi.Models.billing.taxOffice">
            <summary>
            ΔΟΥ πελάτη , υποχρεωτικό σε περίπτωση τιμολογίου
            </summary>
        </member>
        <member name="P:EuroWebApi.Models.billing.activity">
            <summary>
            Επάγγελμα , υποχρεωτικό σε περίπτωση τιμολογίου
            </summary>
        </member>
        <member name="T:EuroWebApi.Models.item">
            <summary>
            Η αναγνώριση του είδους γίνεται είτε από erpId είτε με barcode. Συνιστάται erpId
            </summary>
        </member>
        <member name="P:EuroWebApi.Models.item.productTitle">
            <summary>
            όνομα προϊόντος
            </summary>
        </member>
        <member name="P:EuroWebApi.Models.item.erpId">
            <summary>
            to uniqId του Product 
            </summary>
        </member>
        <member name="P:EuroWebApi.Models.item.barcode">
            <summary>
            barcode προϊόντος μόνο ένα σε περίπτωση που υπάρχουν περισσότερα του ενός
            </summary>
        </member>
        <member name="P:EuroWebApi.Models.item.unitPrice">
            <summary>
            λιανική τιμή προ έκπτωσης
            </summary>
        </member>
        <member name="P:EuroWebApi.Models.item.discountPercentage">
            <summary>
            ποσοστιαία έκπτωση
            </summary>
        </member>
        <member name="P:EuroWebApi.Models.item.total">
            <summary>
            Συνολική αξία προϊόντων μετά την έκπτωση (qty * unitPrice * ((100 - discountPercentage)/100))
            </summary>
        </member>
        <member name="T:EuroWebApi.Models.items">
            <summary>
            Προϊόντα παραγγελίας - δεν περιλαμβάνονται πρόσθετες χρεώσεις και κουπόνια
            </summary>
        </member>
        <member name="P:EuroWebApi.Models.fee.fee_id">
            <summary>
            { "1" ,ΕΞΟΔΑ ΑΝΤΙΚΑΤΑΒΟΛΗΣ } 
            { "2" ,ΕΞΟΔΑ ΑΠΟΣΤΟΛΗΣ } 
            { "3" ,ΕΞΟΔΑ ΣΥΣΚΕΥΑΣΙΑΣ }
            </summary>
        </member>
        <member name="P:EuroWebApi.Models.fee.total">
            <summary>
            
            </summary>
        </member>
        <member name="T:EuroWebApi.Models.fees">
            <summary>
             ΠΡΟΣΘΕΤΕΣ ΧΡΕΩΣΕΙΣ	 , σε περίπτωση που δεν υπάρχουν να παραλείπεται
            </summary>
        </member>
        <member name="P:EuroWebApi.Models.coupon.code">
            <summary>
             προαιρετικό πεδίο ,  όνομα κουπονιού
            </summary>
        </member>
        <member name="P:EuroWebApi.Models.coupon.amount">
            <summary>
            αξία κουπονιού
            </summary>
        </member>
        <member name="T:EuroWebApi.Models.coupons">
            <summary>
             Τα κουπόνια είναι αξιακά και όχι ποσοστιαία . Σε περίπτωση που δεν υπάρχουν να παραλείπεται
            </summary>
        </member>
        <member name="P:EuroWebApi.Models.EOrder.statusId">
            <summary>
            ΚΑΤΑΣΤΑΣΗ ΠΑΡΑΓΓΕΛΙΑΣ
             {1,"Σε διεκπεραίωση" },  {2,"Εκκρεμεί πληρωμή" },  {3,"Ολοκληρωμένη" },   { 4,"Αναμονή τραπεζικής πληρώμης" },
             { 5,"Αποτυχία πληρωμής" },  { 6,"Ακυρωμένη" },  { 7,"Επιστροφή χρημάτων" },   { 8,"Τιμολογημένη" } 
            </summary>
        </member>
        <member name="P:EuroWebApi.Models.EOrder.adminUrl">
            <summary>
            προαιρετικό  πεδίο  ,  διαχειριστικό eshop  
            </summary>
        </member>
        <member name="P:EuroWebApi.Models.EOrder.status">
            <summary>
            προαιρετικό πεδίο ,  λεκτικό της κατάστασης
            </summary>
        </member>
        <member name="P:EuroWebApi.Models.EOrder.dateCompleted">
            <summary>
            συμπληρώνεται από το erp όταν ολοκληρωθεί η παραγγελία
            </summary>
        </member>
        <member name="P:EuroWebApi.Models.EOrder.dateModified">
            <summary>
            
            </summary>
        </member>
        <member name="P:EuroWebApi.Models.EOrder.datePaid">
            <summary>
            συμπληρώνεται από το eshop οταν γίνει πληρωμή με κάρτα
            </summary>
        </member>
        <member name="P:EuroWebApi.Models.EOrder.paymentMethodId">
            <summary>
            ΤΡΟΠΟΙ ΠΛΗΡΩΜΗΣ 
            { 1 ,"Aντικαταβολή" },{ 2 ,"Τραπεζική κατάθεση" },
            { 3 ,"Paypal" }, { 4 ,"Πιστ./Χρεωσ. Κάρτα" },{ 5 ,"Κατάστημα" },{ 6 ,"Eshop" }
            </summary>
        </member>
        <member name="P:EuroWebApi.Models.EOrder.paymentMethod">
            <summary>
            προαιρετικό πεδίο ,  λεκτικό του τρόπου πληρωμής
            </summary>
        </member>
        <member name="P:EuroWebApi.Models.EOrder.shippingMethod">
            <summary>
            Τρόπος αποστολής 
            </summary>
        </member>
        <member name="P:EuroWebApi.Models.EOrder.clientId">
            <summary>
            το id πελατη στο eshop  , επισκέπτης -1
            </summary>
        </member>
        <member name="P:EuroWebApi.Models.EOrder.netAmount">
            <summary>
             προαιρετικό πεδίο , Αξία παραγγελίας προ ΦΠΑ
            </summary>
        </member>
        <member name="P:EuroWebApi.Models.EOrder.vatAmount">
            <summary>
            προαιρετικό πεδίο , Αξία  ΦΠΑ
            </summary>
        </member>
        <member name="P:EuroWebApi.Models.EOrder.totalAmount">
            <summary>
            Συνολική αξία παραγγελίας 
            </summary>
        </member>
        <member name="P:EuroWebApi.Models.EOrderStatus.dateCompleted">
            <summary>
            Συμπληρώνεται από το erp όταν ολοκληρωθεί η παραγγελία
            </summary>
        </member>
        <member name="P:EuroWebApi.Models.EOrderStatus.dateModified">
            <summary>
            Συμπληρώνεται από το erp όταν τροποποιηθεί η παραγγελία
            </summary>
        </member>
        <member name="P:EuroWebApi.Models.EOrderStatus.datePaid">
            <summary>
            Συμπληρώνεται από το eshop όταν γίνει πληρωμή με κάρτα
            </summary>
        </member>
        <member name="P:EuroWebApi.Models.EOrderStatus.qrUrl">
            <summary>
            Συμπληρώνεται από το erp όταν  έχει εκδοθεί απόδειξη από πάροχο
            </summary>
        </member>
        <member name="P:EuroWebApi.Models.Product.RetailPrice">
            <summary>
            Λιανική τιμή
            </summary>
        </member>
        <member name="P:EuroWebApi.Models.Product.WholePrice">
            <summary>
            Χονδρική τιμή
            </summary>
        </member>
        <member name="P:EuroWebApi.Models.Product.Vat">
            <summary>
            Φπα είδους
            </summary>
            <example>6</example>
        </member>
        <member name="P:EuroWebApi.Models.Product.Stock">
            <summary>
            Stock
            </summary>
        </member>
        <member name="P:EuroWebApi.Models.Product.ReservedStock">
            <summary>
            Δεσμευμένο απόθεμα
            </summary>
        </member>
        <member name="P:EuroWebApi.Models.Product.AvailableStock">
            <summary>
            Διαθέσιμο Απόθεμα
            </summary>
        </member>
    </members>
</doc>
